"Company Name","Address","City","State","Zip","Phone","Email","Website","Description","Representatives"
"Member Application","","","","","","","http://www.growthzone.com/","","First Name:
            *; Last Name:
            *; Title:; Phone:
            *; Email:
            *; Contact Preference:
                            
                                
                                    
                                    Email
                                
                                
                                    
                                    Phone; Email; Phone; Login:
            *; Password:
            *; Social Networking:

                            
                                    
                                        LinkedIn
                                        
                                    
                                    
                                        Facebook
                                        
                                    
                                    
                                        Instagram
                                        
                                    
                                    
                                        YouTube; LinkedIn; Facebook; Instagram; YouTube; Same as Member Address; Line 1:
            *; Line 2; City:
            *; State:
            *; Postal Code:
            *; Country:
            *

                                    
--- Select Country ---
Afghanistan
Albania
Algeria
Argentina
Armenia
Australia
Austria
Azerbaijan
Bahamas
Bahrain
Bangladesh
Belgium
Belize
Bermuda
Bhutan
Bolivia
Bosnia and Herzegovina
Botswana
Brazil
British Virgin Islands
Brunei
Bulgaria
Cambodia
Cameroon
Canada
Caribbean
Chile
China
Colombia
Congo (DRC)
Costa Rica
Côte d’Ivoire
Croatia
Cuba
Czechia
Denmark
Dominican Republic
Ecuador
Egypt
El Salvador
Eritrea
Estonia
Ethiopia
Faroe Islands
Finland
France
Georgia
Germany
Ghana
Greece
Greenland
Guatemala
Haiti
Honduras
Hong Kong SAR
Hungary
Iceland
India
Indonesia
Ireland
Israel
Italy
Jamaica
Japan
Jordan
Kazakhstan
Kenya
Korea
Kuwait
Kyrgyzstan
Laos
Latin America
Latvia
Liechtenstein
Lithuania
Luxembourg
Macao SAR
Macedonia, FYRO
Malaysia
Maldives
Mali
Malta
Mexico
Moldova
Monaco
Mongolia
Montenegro
Morocco
Myanmar
Nepal
Netherlands
New Zealand
Nicaragua
Nigeria
Norway
Oman
Pakistan
Panama
Paraguay
Peru
Philippines
Poland
Portugal
Puerto Rico
Réunion
Romania
Russia
Rwanda
Saudi Arabia
Senegal
Serbia
Singapore
Slovakia
Slovenia
Somalia
South Africa
South Sudan
Spain
Sri Lanka
Sweden
Switzerland
Taiwan
Tajikistan
Thailand
Trinidad and Tobago
Tunisia
Türkiye
Turkmenistan
Ukraine
United Arab Emirates
United Kingdom
United States
Uruguay
Uzbekistan
Venezuela
Vietnam
World
Yemen; First Name:
            *; Last Name:
            *; Title:; Phone:
            *; Email:
            *; Contact Preference:
                            
                                
                                    
                                    Email
                                
                                
                                    
                                    Phone; Email; Phone; Login:
            *; Password:
            *; Social Networking:

                            
                                    
                                        LinkedIn
                                        
                                    
                                    
                                        Facebook
                                        
                                    
                                    
                                        Instagram
                                        
                                    
                                    
                                        YouTube; LinkedIn; Facebook; Instagram; YouTube; Address
                                
                                    
                                        
                                        Same as Member Address
                                    
                                
                            
                                
                                            Line 1:
            *

                                    
                                
                            
                            
                                
                                    Line 2
                                    
                                
                            
                            
                                
                                            City:
            *

                                    
                                
                            
                            
                                
                                            State:
            *

                                    
                                
                            
                            
                                
                                            Postal Code:
            *

                                    
                                
                            
                            
                                
                                            Country:
            *

                                    
--- Select Country ---
Canada
United States; Same as Member Address; Line 1:
            *; Line 2; City:
            *; State:
            *; Postal Code:
            *; Country:
            *

                                    
--- Select Country ---
Canada
United States"